1,Pebrook,Timewell,3929710560
2,Christyna,Baskeyfield,2145981403
3,Berny,Copnall,9586396843
4,Blondy,Clowney,6969500918
5,Fredek,Davis,0543498077
6,Lucian,Banger,3026975753
7,Berk,Ryland,3251175173
8,Webster,Sprague,6280361608
9,Chaim,Ivankovic,4870292777
10,Uriah,Franc,3777745367
11,Arlana,Edmed,7172216032
12,Anneliese,Lempke,6028811297
13,Leilah,Postlewhite,0478238967
14,Zechariah,Westrip,8680004375
15,Sid,Lyle,6280982815
16,Gabbie,Paulusch,4835790537
17,Obidiah,Farren,1319672663
18,Cheston,Losemann,9065183094
19,Chaunce,Telling,2537207858
20,Myrah,Rousell,9138912562
21,Averill,Swetmore,3408369720
22,Schuyler,Biddles,2521438049
23,Godart,Heathorn,2432615662
24,Mathias,Laughlan,4674775094
25,Bernete,Nockles,1858467934
26,Elmer,Glyne,4191804251
27,Kamilah,Eul,7892343695
28,Granger,Elsie,9280471570
29,Norrie,Cheek,2447464177
30,Gavan,Mouget,9325686791
31,Clementia,Purkiss,5939437702
32,Fey,Brunelleschi,1654966711
33,Petrina,Maylin,4848893836
34,Vita,Franzini,6762534066
35,Nalani,McGuinness,6350642236
36,Harlin,Whapples,5127494191
37,Em,Marzelli,1356101739
38,Spenser,Brimmicombe,8272228696
39,Brewer,Fairholme,7329075876
40,Mylo,Toulson,3863768485
41,Ginger,Craighill,5992754369
42,Harland,Bullock,7481195021
43,Kara,Vallentin,4065107296
44,Astrid,Vasilyevski,6650882577
45,Emiline,Szymoni,0795806388
46,Tiphany,Kunat,6202322993
47,Branden,Krollmann,1586519077
48,Trista,Cuttles,8543655536
49,Helene,Chat,6757241862
50,Lilla,Innot,6468684390
51,Jacklyn,Mulderrig,6139379393
52,Briano,Algar,3125386802
53,Rossie,Hamon,3333280639
54,Fanya,Drinkall,3448597724
55,Gweneth,Jeannenet,6288720348
56,Hill,Curner,1819262987
57,Gilberto,Shoveller,9450976767
58,Amalita,Meadowcroft,2053674792
59,Charline,Balderstone,8410767643
60,Rossie,Ganter,1205200568
61,Seka,Gianuzzi,2713902703
62,Manny,Dunnet,6537544068
63,Chance,Widd,9120591861
64,Britteny,Fonzo,6450652411
65,Cecil,Fearnyhough,6507099759
66,Basile,Oger,8984806749
67,Gustav,Gai,0363732659
68,Clarine,Purdy,2984770986
69,Dusty,Torrecilla,0917892933
70,Skye,Parren,4178319248
71,Kristal,Penner,0903191555
72,Janenna,Rosbrough,2447546610
73,Mercy,Kemston,1165788446
74,Stanford,Maxted,1060132923
75,Erie,Le Fleming,4583322100
76,Newton,Schurcke,6133697776
77,Willabella,Shivell,9921253824
78,Derward,Thunderman,0679567607
79,Gusta,Hessing,1673292976
80,Vassili,Barme,6627250187
81,Lidia,Saw,9759889277
82,Mikey,La Grange,4899183771
83,Wiatt,Gollin,7439749286
84,Hadria,Eliot,3482155062
85,Ranee,Trunks,1199147257
86,Joe,Oxborrow,1068403004
87,Clarinda,Floweth,6217393921
88,Adamo,Buckthorpe,4040020286
89,Ruthy,Lefeaver,4575815896
90,Elyssa,Linebarger,6318295402
91,Ali,McGourty,7785118256
92,Ibby,Snoxell,8876534962
93,Aurelea,Siemon,5840354155
94,Jan,Castagnaro,4400000753
95,Kathye,Salle,5193691145
96,Adolphus,Spark,2557690120
97,Joelle,Nunnery,2285340583
98,Nikkie,Gallard,6620295592
99,Willie,Tumilson,2034613686
100,Francesca,Clues,9650415106
101,Josefa,Dibbe,5149963623
102,Gerick,Sive,4917361419
103,Mariellen,Penas,4575818224
104,Corrianne,Senecaut,5337307983
105,Molli,McConnachie,5366221102
106,Alex,Stiles,0601330110
107,Klarika,Neild,4699314260
108,Mureil,Garioch,6029453726
109,Inna,Henken,6120478825
110,Newton,Kynston,4391252724
111,Genia,Auten,1490900101
112,Nanete,Fairhall,6156042334
113,Wenda,Hyam,7452106261
114,Heriberto,Morriss,4797621583
115,Emlyn,Wogan,7367930877
116,Lura,Viveash,3019383013
117,Ulises,Burniston,4014315347
118,Desi,Gobel,6104208576
119,Guillema,Curman,7138846134
120,Ardene,D'Aubney,2132027803
121,Kimball,Orviss,0062358707
122,Dagmar,Sloss,5208799367
123,Deonne,Scinelli,1074679849
124,Deborah,Christiensen,6252977691
125,Vasily,Kundt,9686201270
126,Christoph,Quilter,3902949791
127,Sib,Throssell,4962871706
128,Hoyt,McLeman,5967410090
129,Hettie,Birtonshaw,2963751737
130,Trefor,Blamires,6416710013
131,Cherrita,Ashard,4196155898
132,Winslow,Garrals,4357496896
133,Harley,Balasini,2408856663
134,Whitney,Pashan,3427850579
135,Birdie,Dutson,3333718731
136,Thedric,Raincin,4585344489
137,Catarina,Birdseye,3773341571
138,Marcelo,Paffley,9053043446
139,Adelbert,Applebee,3585352987
140,Winifield,Pinshon,4964376540
141,Meggy,Cabral,5856119274
142,Blondelle,Sartin,2472691270
143,Eulalie,Limbourne,5806327663
144,Daryl,McCallum,3383469883
145,Drusie,Ziebart,0397694377
146,Merrielle,Foote,9158848738
147,Avis,Shankland,5505051359
148,Brennen,Housecraft,3200867019
149,Shalne,Hollow,0013471856
150,Tadd,Degenhardt,9382913777
151,Shadow,Glass,1599504499
152,Amity,Brunsdon,6116197787
153,Pavla,Cookman,9853774143
154,Audre,Lockery,2537786866
155,Brian,Estcourt,7653185665
156,Winna,Trimme,2869627580
157,Suzi,Rickeard,7284904267
158,Gennie,Ambrogi,4325455612
159,Tyson,Hugnot,7447201855
160,Isobel,O'Moylan,1187766038
161,Stephanus,Gatenby,3635326976
162,Hannie,Tollady,0892229896
163,Lebbie,Ventum,8439043856
164,Wainwright,Gribbon,6000484437
165,Demetra,McLaughlan,4319245806
166,Palm,Szymonowicz,9412346573
167,Jayson,Kitto,9512342707
168,Winston,Robley,9367875193
169,Cesare,Addionisio,3130482865
170,Marjorie,Towers,4799637185
171,Rem,Tanswill,3974409726
172,Janek,Ruthven,9128569695
173,Lisa,Janzen,4455690999
174,Dody,Palister,2005511749
175,Patrick,MacSkeagan,1609422465
176,Flora,Wheatman,6376174337
177,Jarret,Carville,1410123669
178,Fiorenze,Losemann,8373437312
179,Cora,Martland,9501683540
180,Sydelle,Cutchey,5719859926
181,Fairfax,Townsley,3083152388
182,Rodney,Semorad,6696795456
183,Cara,Kleinhandler,0924928522
184,Natalina,Harrap,8789963180
185,Alysa,Scrauniage,1900611880
186,Raeann,Archbould,8615898111
187,Carlin,Castaner,2016823887
188,Marijn,Corde,3217238931
189,Alexia,Blasing,7731709507
190,Bonnee,Geffen,6981045184
191,Eberhard,Jirsa,7748862648
192,Jade,Vaneschi,7140566429
193,Ame,Churcher,1033703001
194,Iorgo,Cudby,5192529360
195,Marven,Pfaffe,4658389231
196,Lukas,Lightbowne,9922651696
197,Bradley,Blockwell,5254529490
198,Tracee,Seint,4421375918
199,Aurora,Jonin,4067856717
200,Dorri,Caulket,5023759180
201,Nataniel,Shemelt,0421839007
202,Steven,Langworthy,3604626161
203,Isa,Dunseith,1498034136
204,Jammie,Buttner,7964771612
205,Teirtza,Knoble,8149449884
206,Lita,Caustic,3492549047
207,Maddy,Anthiftle,0050968513
208,Gennie,Urey,4486457951
209,Chev,Azemar,6466693910
210,Sinclare,Ghiraldi,0506474631
211,Shana,Athelstan,8703636461
212,Onfre,Giacopelo,3663903729
213,Adda,Morris,5405341649
214,Katlin,Nehls,7895852418
215,Minni,Pressdee,9264240365
216,Dulcia,Cleaveland,5828336118
217,Nicolas,Kynnd,5189371263
218,Normy,Sneller,4065006627
219,Terrel,Steven,5131851300
220,Kay,Kenyon,1982608846
221,Vanni,Goodwyn,1871062136
222,Rory,Sparkes,3513130015
223,Yuri,O'Crigane,1181493145
224,Pavlov,Garmey,6052402466
225,Meta,Cox,4866805293
226,Ruthanne,Sabine,3094807208
227,Loren,Eldred,8749527177
228,Ajay,Hasselby,3854119852
229,Clemmie,Remer,9011150678
230,Boniface,Chotty,6640011182
231,Pietrek,Frome,2641472635
232,Lana,Godber,7028348989
233,Katy,Cobbold,0080374514
234,Bernhard,Janca,0972536523
235,Matilda,McPolin,3355444642
236,Emelia,Peeke,1704398002
237,Milly,Brimley,7208143048
238,Elene,Finders,2846274800
239,Sherill,Owain,4490128649
240,Klemens,Dennerley,8446565757
241,Claire,Giannoni,4944950632
242,Caren,Van den Bosch,8682727943
243,Aurelea,Flanagan,9230340650
244,Iosep,Sandaver,3327706301
245,Ashil,Baggett,9876008021
246,Adella,Limbert,9809046944
247,Marlowe,Manon,1629094293
248,Roxine,Emeline,6704027777
249,Petronella,Bendig,4619129542
250,Tuesday,Rofe,3251397516
251,Wiatt,Croysdale,8354722597
252,Joline,Peasby,0378002139
253,Lorri,Jozef,7050670405
254,Cortney,Ludlem,6284858477
255,Vikki,Sibbering,1462034667
256,Muffin,Kidstoun,1095403443
257,Grover,Newrick,5889975242
258,Leena,Guerra,8349754001
259,Norbie,Galilee,1439261121
260,Rebekah,Whiting,8581819389
261,Isabella,Canland,9523059122
262,Sofia,Elgie,3400610488
263,Antony,Luttger,4213897915
264,Shanon,Hadwin,6812561924
265,Virgilio,Kidson,7783071759
266,Onida,Jakubiak,5878725630
267,Emmalynn,Merrell,6913938527
268,Rivy,Henner,7646505781
269,Quinn,Severs,2314190238
270,Gabbie,Beeho,5123593527
271,Mohandis,Danielsky,5322261796
272,Mohandas,Garmon,7752758965
273,Thom,Ceci,6551101593
274,Emogene,Dulieu,1278773304
275,Stafford,Snelling,7376599428
276,Jinny,Pinkard,5465887273
277,Demetris,Andrei,8875313709
278,Zane,Woosnam,6047055656
279,Michel,Pressdee,1154426297
280,Myrilla,Gile,0127746269
281,Katti,Mobius,6305709122
282,Kendre,Scannell,4800515963
283,Raquel,Munehay,1971887994
284,Zane,Suddell,9465206660
285,Carmita,Gilligan,7443615361
286,Abbye,Venmore,9052517959
287,Adriane,Abercrombie,9476724862
288,Jakob,Urwin,8179689395
289,Naomi,Monks,7830681422
290,Claudetta,Ianinotti,6634739366
291,Jandy,Isaksson,5460660173
292,Brnaby,Yankeev,8177683314
293,Cosimo,Van de Castele,0457641525
294,Gaye,Schach,9827144332
295,Aviva,Tilney,4889268138
296,Elly,Hauxby,7414670589
297,Minni,Eberdt,6286092919
298,Leigh,Curcher,9543119481
299,Nita,Storr,9081326252
300,Nikoletta,Golledge,7112146992
301,Lilia,Tesmond,9402841415
302,Ahmad,Mc Caughen,2946033651
303,Orly,Giraldez,8950556111
304,Cami,Dobbison,6136638517
305,Chester,Mawditt,6059824978
306,Emelen,Iannini,3325920446
307,Forrester,Bener,2650113502
308,Junia,Wysome,2820535445
309,Adel,Konzel,0272754544
310,Tawnya,Ackrill,6936339727
311,Alta,Keenlayside,3826150775
312,Elia,Gofford,6332713747
313,Aldridge,Marrion,8607923919
314,Valerye,Dinning,0495140198
315,Creighton,Corcut,9283140494
316,Arlan,Spohrmann,9204488808
317,Lacee,Stegell,4804673369
318,Misty,Margery,5915088864
319,Vina,Haxby,4586440015
320,Lishe,Wiskar,4670494864
321,Trumaine,Noseworthy,8010511153
322,Francisca,Jantet,2480990761
323,Scarlett,Dellatorre,5522532505
324,Donni,Lovewell,4256478922
325,Leone,Friman,7635134590
326,Rab,Colegate,8875082952
327,Xylina,Igounet,5827176672
328,Anet,Flann,3343184381
329,Ketti,Bewlie,8383142005
330,Aleda,Brady,7755033945
331,Bradly,Bastide,7750950567
332,Tristam,Haxby,2613693630
333,Hilton,Stribling,1560020962
334,Shanan,Babin,5304019822
335,Nichol,Duddell,2964844275
336,Tudor,Pinfold,9829946916
337,Hulda,MacCroary,9820905176
338,Constantino,Scurman,4826716915
339,Lilllie,Chaffer,9819431093
340,Elsworth,Edison,1403831726
341,Woodman,Nestle,8883445228
342,Kathryn,Tradewell,3843561508
343,Maressa,Hutcheon,7888925855
344,Tobi,Ovell,8046793973
345,Rosie,Betteridge,4160518311
346,Hayyim,MacSorley,7052426226
347,Dar,Jewel,9168475438
348,Jory,Brech,0004747399
349,Goldarina,Klessmann,1260722198
350,Micky,Pryn,9727587208
351,Ruby,Ladbury,9321754121
352,Michael,Bahls,9260684277
353,Grady,Borzoni,3607339244
354,Julietta,Alvarado,8208364738
355,Westbrook,Gosforth,1139484885
356,Orelle,Dewick,6471317891
357,Jessamyn,Volonte,0911424458
358,Anders,Marlor,7400073419
359,Pace,Beneix,0375770801
360,Garik,Fosserd,0190119268
361,Kathy,Luetchford,4020374945
362,Aloise,Shalcras,7580924099
363,Pepillo,Clempton,7080774217
364,Russ,Mincini,9715515916
365,Maressa,Negri,3648411381
366,Jillana,de Zamora,0887609899
367,Shellysheldon,Chinge,9560885057
368,Marcie,Janjusevic,7491293360
369,Roman,Charker,6403592289
370,Antonio,Sulter,4999951096
371,Maxwell,Van Brug,6377827849
372,Lesya,Copello,3743131323
373,Ericka,Vicar,3287856170
374,Alexander,Benford,2886820083
375,Dallis,Wheaton,2020776375
376,Willabella,Leagas,5797798913
377,Gaynor,O'Hear,3107861871
378,Morris,Musselwhite,4469334111
379,Faber,Moylane,7873480496
380,Bradley,Verbrugghen,9305589901
381,Fabe,Wibrew,7771677193
382,Farly,Riggeard,8246471821
383,Dillie,Hegg,6121881461
384,Eydie,Gregore,4363307684
385,Raff,MacCafferty,3659461903
386,Tamara,Eagland,2275853766
387,Rice,Vasiljevic,9277292237
388,Mayor,McMains,3308473690
389,Goddard,Pettersen,0889101434
390,Zia,Dumbleton,3945262224
391,Briny,Fisby,1081150114
392,Aloisia,Pratton,4476314465
393,Wright,Lynskey,8013482987
394,Marjory,Gopsell,0056456727
395,Randi,Etoile,2524739384
396,Georgeanne,Medlicott,4187827412
397,Maurise,Minet,5751632915
398,Free,Markwelley,4810176029
399,Annadiana,Human,4529892603
400,Bert,Clutton,7136954169
401,Hartley,Davidovits,8682872692
402,Allie,Huband,1101178825
403,Jerri,Guyer,0650025962
404,Gaven,Hallows,8344411408
405,Mia,Ealden,2370733748
406,Eddie,Malling,8277728689
407,Rosamund,Jecks,8239973728
408,Ibrahim,Gaylor,9124581666
409,Jaquenette,Joselevitch,8723910992
410,Estell,Lapenna,8363685496
411,Claudianus,Gabotti,4309697720
412,Cloe,Escofier,4331802973
413,Salem,Eastwell,2995840514
414,Nanice,Woosnam,5803673358
415,Jeff,Bruckshaw,5186417122
416,Ahmad,Vsanelli,1208234358
417,Rycca,Jamme,2833270852
418,Clea,Catchpole,6713838138
419,Teddi,Powlett,7545755286
420,Farlee,Gooday,5039330316
421,Terrell,Stanion,9018421154
422,Addy,Renneke,1798417758
423,Eugen,Lumbley,2616874865
424,Rockey,Raatz,4870176386
425,Nichol,Rosendale,2889085384
426,Elsbeth,Hurnell,3565774150
427,Doralynne,Duffit,0775666343
428,Nilson,Ropkins,5048543645
429,Boyd,Soldan,5747106090
430,Renaud,Asbery,6295477445
431,Lockwood,Vannucci,9154494508
432,Susanetta,Helder,4004552524
433,Adoree,Oriel,8387553220
434,Colman,Gresham,6511315827
435,Thea,Jirasek,5668947467
436,Rutger,Sansbury,8969590617
437,Emmalynne,Watterson,1731428839
438,Yancy,Daskiewicz,2171824522
439,Ginni,Bradly,3128221537
440,Jenilee,Korbmaker,0333611861
441,Dre,Martygin,1570205787
442,Jinny,Cluet,1196692823
443,Frederick,Balmann,8690743448
444,Wilhelmine,Stannas,4112978820
445,Lindsey,Oglevie,9701572386
446,Wallace,Noulton,3661268457
447,Billie,Dripp,5465131888
448,Johanna,Briat,4571146647
449,Wynny,Ivey,2081728346
450,Eolande,Bottrill,0759969477
451,Lina,Pattinson,6396374285
452,Doreen,Gerriets,5799736907
453,Rachel,Earry,5599872645
454,Dasie,Sandham,9166187427
455,Roana,Kelemen,0683904256
456,Amity,Nockolds,3122277247
457,Veronika,Bassham,9306585535
458,Clemence,Cassedy,9223422620
459,Cornelius,Petric,8216552092
460,Stormie,Veelers,3558162625
461,Natal,Ruston,0427139627
462,Enrika,Tinwell,4074103141
463,Carie,Milland,3164326629
464,Dennet,Sheavills,5143865263
465,Prinz,Stritton,8755253202
466,Woodie,Malcher,2148292684
467,Laetitia,Imos,0457387882
468,Garrek,O'Luney,1654686840
469,Chris,Batman,3468046545
470,Esme,Rebichon,9414333622
471,Henrieta,Buckie,0388275294
472,Onofredo,Challener,5745451769
473,Guthrey,Menis,6765757465
474,Debby,Cullip,2824512415
475,Gilly,Dowty,6818174019
476,Valentia,Libbey,2104561434
477,Becka,Roughey,7523395066
478,Sadie,Tassaker,2317258488
479,Harriette,Skelhorn,8064700906
480,Lissi,Shotbolt,6249900586
481,Orelia,Hansie,0792609948
482,Ware,Crawcour,6081534510
483,Perl,Capner,3063380784
484,Constantia,Milsom,8304127539
485,Ross,Medley,6661025042
486,Roi,Linskey,5462314574
487,Willem,Towey,6014845674
488,Reed,Pigrome,9118080081
489,Anatola,Reeks,8005606826
490,Guss,Apfel,3192355670
491,Zacharia,Buckner,0806438673
492,Avram,McTrustam,8548075015
493,Amalie,Chaucer,0491725426
494,Lucina,MacAulay,4353198823
495,Cooper,Todari,5345627339
496,Lura,Heineken,9783048376
497,Allyson,Eyer,8537180211
498,Freemon,Clewes,1978472919
499,Bucky,Matovic,1604750014
500,Granthem,Maudsley,9117456088
501,Dorisa,Babalola,9399697088
502,Lenna,Keneleyside,4852899312
503,Cal,Braitling,4919132050
504,Akim,Andrews,8106326551
505,Catrina,Georgeson,8468306231
506,Breanne,Sneaker,6393102292
507,Kevyn,Whitney,3083547862
508,Mireille,Muck,9429259520
509,Doralyn,Berrisford,7949251336
510,Brandice,Wyper,2677219077
511,Elvina,Yosselevitch,9403942967
512,Margi,Hannah,7224788015
513,Meghann,Phelan,5526465691
514,Jud,Kissock,4466722986
515,Steffie,Draper,9713644743
516,Wyatan,Georgiades,4487720605
517,Nelia,Drance,8766848024
518,Freddie,Longland,9198882392
519,Dewey,Stonall,3402377233
520,Denys,Rothera,1938774248
521,Katherine,Milsap,5248536200
522,Craggy,Ponder,3059792100
523,Zacharia,Wolfarth,4952519031
524,Carlin,Lappine,6272920067
525,Barbette,Axston,0213515962
526,Frasco,Lamanby,8840876812
527,Tony,Cosgry,4487613949
528,Celle,Piken,0205582524
529,Christy,Hurtic,8173674795
530,Andrew,Olenchikov,1341165272
531,Agretha,Hearley,5865962787
532,Teodora,Cocher,4650870658
533,Jody,Carl,1002569834
534,Regen,Hadingham,9137092944
535,Irvine,Wooldridge,9444344975
536,Stella,Witherow,1247959864
537,Herta,Gladstone,8979542682
538,Shina,Dennes,7730467305
539,Bryn,Pittham,0000718645
540,Catriona,Chennells,1110756534
541,Tim,Sapsforde,6184444808
542,Elita,Minshall,7726169656
543,Gawen,Cubberley,7260437065
544,Saleem,Mattisson,6074875278
545,Darla,Lendon,3065165325
546,Giacinta,Adamkiewicz,0094388040
547,Sayre,Kenwell,8301834072
548,Dugald,Filippyev,8697731445
549,Trueman,Pavlata,6441980274
550,Dante,Pietrowicz,1502062518
551,Julianna,Groom,1952050405
552,Raimundo,Barrett,7402190706
553,Trent,Preshous,5233134810
554,Winna,Corking,2594210293
555,Chrystal,McTaggart,1177915499
556,Marlon,Thursby,6783001547
557,Lorne,Corday,5940670563
558,Valeda,Sach,6275168579
559,Trix,Dewdney,4104924997
560,Valentia,Munt,1876754451
561,Kaylyn,Matissoff,3468409060
562,Joela,Jocelyn,9879689763
563,Khalil,Jacobowits,0913284327
564,Hunt,MacNeilley,4797159502
565,Fabien,Isacq,6205071851
566,Kaile,Whates,4218103054
567,Denys,McNamara,9495408245
568,Pavel,Gherarducci,0824772857
569,Tomasina,Grimditch,9962097762
570,Leone,Klimkovich,5417328405
571,Malvin,McTerrelly,0840890303
572,Grantley,Elloway,3844017771
573,Mallorie,Izod,3751363718
574,Bev,Chalfant,3023693714
575,Lyndel,Sustin,7863472059
576,Kirsteni,Hartfleet,8913009625
577,Antoni,Suero,1743033192
578,Gelya,Holligan,2788256736
579,Helen,Beetham,3102017169
580,Annadiana,Dignum,7760381220
581,Jeannette,Grabeham,3321733447
582,Collen,Christy,1767628986
583,Maggy,Bradbeer,8258463721
584,Lorne,Aslie,0249080559
585,Eileen,Simoneton,3729435752
586,Marget,Kobke,5892337847
587,Den,Gallifont,9211641985
588,Sharline,Breawood,0100893910
589,Rocky,Albrooke,0530408929
590,Abramo,de Clercq,6718585955
591,Kirstyn,Spellworth,7590221473
592,Yank,Lindhe,7126704852
593,Cinnamon,Buick,5076657838
594,Nestor,Clappison,7715784079
595,Ogdan,Postance,4199456600
596,Charil,Scimonelli,7566468545
597,Davida,Haimes,1928103464
598,Johan,Cutcliffe,2276194723
599,Gwenora,Harbour,0956962130
600,Katrina,Norway,9612209146
601,Nat,Edsell,7065018903
602,Windham,Arnott,7385276164
603,Susanetta,Coatham,4565617692
604,Ruddy,Painter,0831893133
605,Correy,Senter,8541223922
606,Caroline,Latus,4904565258
607,Alaine,Rook,7626062655
608,Mattie,Chmiel,7424583484
609,Matias,Bleesing,0016237994
610,Debbi,Tomalin,5950320409
611,Kimbell,Claybourn,5164968053
612,Sibbie,Soule,9618638472
613,Vitoria,Jayne,9463087907
614,Roderich,Jopling,2031738801
615,Zebadiah,Dymidowski,2129695787
616,Tynan,Farnfield,8116414259
617,Aaren,Purdon,1841014044
618,Jesselyn,Ceschelli,8672067487
619,Myrlene,MacCart,4194364619
620,Shayne,Spittall,2751971067
621,Florella,Peaple,0569232996
622,Tudor,Tennick,7084273824
623,Marcela,Marriner,0649327543
624,Arman,Polin,3691552293
625,Pauletta,Stichel,3648748181
626,Laure,O' Flaherty,5154031148
627,Brendin,Wickliffe,4234877166
628,Onfre,Reichelt,9736992462
629,Fee,McIlvenna,1064096484
630,Dallon,Dhillon,8077489761
631,Truman,Ridgedell,1772472190
632,Bonnee,Bodiam,4154033441
633,Vonni,Rishbrook,8389816148
634,Conrado,Dowsey,6916822333
635,Cody,Osborn,5679585464
636,Jamie,O'Fihily,4933466629
637,Nikola,Gillino,7123488598
638,Kamilah,Blanchflower,3922986447
639,Joanne,Tunesi,1884855911
640,Fraze,Berford,8083038806
641,Willi,Bauman,2603440543
642,Fredra,Adamiec,9181322348
643,Shaina,Tansey,9051924259
644,Eddy,Brayford,7530828681
645,Nesta,MacMoyer,6744915339
646,Marie-ann,Checkley,2484303289
647,Antonie,Moakes,4028821770
648,Lezley,Chenery,5412699294
649,Shannen,Duiged,3060369488
650,Ernesto,Antoniazzi,7782427452
651,Basilius,Bowness,1168298148
652,Ewell,Simmgen,3422172076
653,Emile,Grizard,0964079046
654,Tessa,Martinovic,0247454494
655,Anna,Shard,4692286806
656,Layla,Pethrick,6253683624
657,Consalve,Keigher,4282979542
658,Ashla,Camerati,8250104781
659,Lazare,McCroft,6215871877
660,Alexandre,Boullen,3288993341
661,Rudolph,Velden,0052898342
662,Gannie,Hurford,6998482639
663,Isidora,Hartegan,0868771104
664,Melody,Sellar,5600837879
665,Buckie,Larsen,7953992264
666,Rafe,Firebrace,9062798969
667,Hermy,Annis,6176523346
668,Thorstein,Mardell,6204240471
669,Onfroi,Sanchis,9712643689
670,Germain,Whenham,3529954705
671,Lazar,Kelly,9123668261
672,Sinclair,MacParland,2695641028
673,Iosep,Broke,4757559976
674,Tommi,Tremain,1751709256
675,Amabel,Simmins,5099074561
676,Tomasine,Biddy,3705551876
677,Les,Derx,1172395675
678,Farica,Aicken,9137403508
679,Gamaliel,Bangley,1711143510
680,Ximenes,Bannard,0306852713
681,Cyndie,Dancey,3436974625
682,Lucinda,Hainning,5868610628
683,Early,Fronczak,9421238389
684,Gaston,Ortelt,0038334143
685,Junina,Heibel,8482560999
686,Anders,Clausson,7659837869
687,Scotty,Brian,0563202203
688,Anica,Cocklie,9498189854
689,Noell,Mundall,5883881866
690,Cyb,Bloor,9493234460
691,Alley,Smead,3512974171
692,Pris,Hewell,4037259168
693,Raquela,Hayman,9028184465
694,Gray,Cornick,9702364140
695,Darnell,Jerrim,8091464541
696,Barr,Arney,3715234180
697,Floyd,Strickler,9358962682
698,Sallee,Keneleyside,2764563949
699,Tamara,Renihan,3537484976
700,Melba,Dog,7030376218
701,Freddie,Beedell,7906469607
702,Roselia,Armit,2439429155
703,Gerrie,Barsby,4945100624
704,Arnoldo,MacCoughen,6904022574
705,Rowney,Halle,4053486890
706,Waly,Bellocht,3132297623
707,Roseann,Menaul,7778591561
708,Cherey,Slixby,4792804167
709,Tally,Jeanes,6551194893
710,Korey,Schroeder,6106174652
711,Appolonia,Brenston,3819843973
712,Janelle,Tutchings,7456413541
713,Cleveland,Frugier,4459352656
714,Raul,Verzey,3442177219
715,Rod,Tulleth,8831894196
716,Dolorita,Winsiowiecki,4793455603
717,Vaclav,Spuner,1471378128
718,Jacintha,Brockie,7164512930
719,Janelle,Oakhill,1674563019
720,Kingston,Sandever,3492357504
721,Emory,De Bernardi,3945365031
722,Frederik,Dencs,3887722213
723,Linnell,Harbour,6055990385
724,Licha,Maisey,5836047200
725,Dulce,McKennan,6703052948
726,Dee dee,Gillivrie,7707553608
727,Morgen,Chrstine,9507991433
728,Addia,Laingmaid,3604107709
729,Frances,Standering,2867284023
730,Kippy,Evett,9461618506
731,Cristionna,Skittrall,7281416148
732,Lanie,Challenor,6559632156
733,Karilynn,Hucquart,5036217586
734,Edd,Sollitt,3202056395
735,Kevan,Moulson,0764661183
736,Esme,Southcott,8817128473
737,Brad,Petasch,3081351227
738,Emmett,Buttery,5422996607
739,Raven,Lujan,8984665711
740,Tracie,Maffione,0297663488
741,Stephannie,Gerrels,5223224434
742,Elmo,Soughton,9437631263
743,Gavrielle,Trevon,9513072290
744,Ranique,Matelyunas,5155280192
745,Pepillo,Halladay,6784689488
746,Missie,Antczak,3061289100
747,Charleen,Nys,4893030175
748,Donna,Putland,7188555583
749,Eleonora,Eisenberg,3023940908
750,Cordelie,Huddleston,4000126881
751,Bobbie,Dorkins,2691244164
752,Marieann,Gamlen,8446547872
753,Therese,Branson,6375442982
754,Nevile,Moyce,3213440868
755,Jenny,Pate,4561146458
756,Charlena,Bastable,0260730882
757,Paul,Lerner,8017855044
758,Hilde,Lodemann,2620349389
759,Chuck,Prall,3563610827
760,Brynna,Koomar,0223929964
761,Gradeigh,Lock,0990350045
762,Aubrie,Dibbs,0858287862
763,Byron,Menat,1418449814
764,Lonny,Sandwick,4327724505
765,Ashlie,Antliff,2923625773
766,Hort,Cordy,6279155552
767,Vladimir,Colhoun,7718126528
768,Glenda,Hebburn,2884841482
769,Alyssa,Queste,5904397054
770,Rodina,Olivo,7099657631
771,Rowland,Hansod,5585720694
772,Laurene,Wallsworth,9582654422
773,Olin,Thody,6268825756
774,Sullivan,Ramelet,9950455375
775,Aubert,Tourmell,1627516816
776,Luciano,Zoane,3975627816
777,Charlotte,Kensington,8349362022
778,Marika,Fawson,9565059562
779,Randell,Skeeles,9329733883
780,Lisetta,Rosenschein,7055562244
781,Dosi,Hamnet,2079913395
782,Phil,de Villier,4742203542
783,Mitzi,Boynton,8219783052
784,Maia,Bremeyer,7120478230
785,Danna,Laurentino,5041701032
786,Jenine,Morman,6932557215
787,Erna,Franseco,7505939386
788,Harper,Raulstone,9265595701
789,Jereme,Kruschev,9764152678
790,Marj,Simionescu,7495442174
791,Eduard,Trenholme,9781582537
792,Wendie,Paish,3790262056
793,Shirley,Coulthard,5955182152
794,Elena,Jeffcoate,7204624106
795,Maribeth,Quidenham,3977440578
796,Romeo,Ellacott,6045504399
797,Brantley,Mingaye,2111374997
798,Tabby,Mower,8065234909
799,Miller,McMeeking,3318805408
800,Alessandra,Ellsbury,4449694120
801,Valentino,Patillo,1302523813
802,Ramon,Rimer,5627774851
803,Terencio,Kuhnke,4740762390
804,Gene,Bazire,9020057863
805,Lindy,Haighton,9952082800
806,Svend,Garaway,5898230777
807,Kipp,Walbridge,3973949867
808,Marlon,Mutimer,3678292402
809,Land,Wolfinger,8301471034
810,Barth,Rollin,6641083691
811,Winifred,Pitkethly,2802400290
812,Hedvige,Rembaud,9741514573
813,Claire,Danilchev,7263155575
814,Mortie,Chancelier,6604000575
815,Laughton,Hunsworth,5122693005
816,Derick,Seiffert,4889965947
817,Lucien,Brosel,9472637930
818,Rupert,Roisen,9662489525
819,Marcello,Chasle,5572682454
820,Martie,Leagas,0403746299
821,Channa,Eby,4363832452
822,Fey,Cowpertwait,3944996046
823,Myrle,Gilligan,8113189785
824,Eddie,Rodwell,5251581793
825,Nestor,Papaminas,6947975654
826,Jessica,Saffill,4914657759
827,Bee,McKimmey,5807677730
828,Veronique,Dolby,6136785005
829,Bartholomew,Bignell,8828257601
830,Graehme,Custance,4729433319
831,Tatiana,Hyne,2546109278
832,Caprice,Stolberger,6759402383
833,Michel,Gantlett,7329250856
834,Jessa,Labone,0872132366
835,Nevil,Shevlane,1404235744
836,Tabbie,Kix,8606883425
837,Burke,Coning,7172233735
838,Tanhya,MacAllan,4237749355
839,Olympia,Thomesson,5198876631
840,Marylynne,Raffon,1185692975
841,Randi,Gercke,9164395367
842,Jerrylee,Dugue,8991412327
843,Bibi,Whiten,8437922828
844,Burk,Enos,0232120625
845,Krisha,Walter,7878003858
846,Ulberto,Kyberd,8333502318
847,Jemimah,Yeend,1983990620
848,Jaymie,Pentlow,1586095730
849,Zerk,Alelsandrowicz,0203046390
850,Nichole,Vannini,5830919192
851,Alvan,Creddon,9101359320
852,Shay,Beyn,1632655209
853,Irwin,Duffan,9731163425
854,Swen,Dake,6008216326
855,Sela,Greenhalf,7037849618
856,Gunter,Bedrosian,8206177132
857,Nolly,Garrand,8499515088
858,Blondie,Christoffersen,9339969448
859,Nannie,Edon,9401322279
860,Bernetta,Cruess,7024242795
861,Bourke,Ewings,7169662248
862,Vidovik,Elam,7017103343
863,Faustine,Condie,4001721074
864,Hannie,Hawkeswood,9527262852
865,Sloane,Roantree,4247386298
866,Vincenz,Vigrass,8793096658
867,Holden,Hunton,2210949564
868,Marquita,Soame,8098893863
869,Nils,Belsher,0443638756
870,Tommi,Crandon,0790035219
871,Lucienne,Crathern,1406698903
872,Tulley,Chinery,9875095605
873,Kaleena,Thandi,3248352825
874,Karylin,Tolmie,9253065907
875,Mag,Kennett,0408170654
876,Harbert,Kightly,0572801785
877,Abigael,Hilliam,4508803210
878,Derrik,Meers,4432770341
879,Mata,Hardie,5786813932
880,Aubree,Quin,6092113228
881,Dorette,Partrick,1276379315
882,Tracey,Maltster,6667933420
883,Jolee,Orrobin,5359110120
884,Norene,Blees,2254470698
885,Correna,Whitechurch,7975550698
886,Perren,Cubbini,0772036993
887,Meggi,Watts,1705962394
888,Helen-elizabeth,Aneley,9642923262
889,Tripp,Sigert,9231424467
890,Jaime,Davidow,0743936477
891,Matti,Genese,5301172980
892,Judah,Baldrick,5463328315
893,Pia,Kline,8794393249
894,Shalne,Rosetti,2742300724
895,Barnabe,Bazoge,7747078307
896,Valle,Hendrickx,1026863449
897,Brana,Masson,7603392756
898,Kass,Counihan,5138840363
899,Morly,Morrish,7690286127
900,Corenda,Raise,5544050767
901,Ricky,Parrin,8285827038
902,Lucas,Burress,3958594514
903,Alphonso,Castillon,4057652671
904,Nerte,Rosenqvist,1434343561
905,Jennilee,Eykelhof,7663169026
906,Faustina,Marjanski,8986942674
907,Levy,Spruce,6431636503
908,Arnie,Bigrigg,9118787207
909,Arabela,Dudson,6391407223
910,Parry,Andrieux,4554222586
911,Sindee,Norsworthy,1881459071
912,Ozzie,Ricca,5199481568
913,Orbadiah,Hardesty,5486711476
914,Livvie,Rapson,0478914687
915,Evelin,Jukubczak,7836993124
916,Joane,Forstall,1666287199
917,Gery,Dumbrell,4743930340
918,Sabine,McGaraghan,6515529805
919,Wilhelmine,Cocklin,2010706064
920,Karee,Fullwood,4407329432
921,Gabrila,Freire,6538300936
922,Billie,Uren,9154265916
923,Donetta,Nolin,3104645191
924,Adella,Edgeson,6934652045
925,Bianca,Leyninye,2027933492
926,Matthaeus,Papen,1526150948
927,Lon,McKelvey,3271801851
928,Shelba,Gobeau,9936404556
929,Leupold,Yelden,0059936312
930,Vinita,Djokovic,2206997029
931,Rufe,Belvin,9504238343
932,Merilee,Huston,9936623797
933,Brandise,Aldham,0270384502
934,Emylee,Swaite,6102086236
935,Grissel,Bortoluzzi,7847012154
936,Clio,Mosten,8804793317
937,Daisey,Fifoot,2119439052
938,Philippe,Radin,0822830906
939,Siobhan,Henden,7749558535
940,Grantham,Filasov,7154501545
941,Rorie,Manners,3191118322
942,Saree,Duffrie,0957063199
943,Cortie,O'Hearn,6805722837
944,Lissa,Filkin,4653017956
945,Letizia,Butts,5553456541
946,Rayner,Dalglish,9858696566
947,Ches,Notton,4715564955
948,Prent,Fogg,2275713786
949,Andee,Giacopetti,3139861508
950,Consuelo,Nickless,0691687447
951,Zebulon,Stiller,9772034743
952,Angil,Goodrick,1319562035
953,Jakob,Bielfeldt,2490179918
954,Lola,Bondesen,3411150726
955,Elmore,Duffer,6379320148
956,Fey,De Leek,5332108311
957,Felice,Grinham,9253695234
958,Marion,Risso,6308479195
959,Lisette,Fricker,1874026726
960,Dukie,Pashby,3661204564
961,Etty,Kiefer,0891621547
962,Kiele,Barchrameev,8877611898
963,Fraze,Howat,5358000216
964,Julie,Serjeantson,8051473523
965,Fanni,Kinnie,3693190445
966,Inger,Symes,9952557337
967,Duane,Degue,1661736807
968,Tildi,Hubberstey,1857798295
969,Ingmar,Petera,2425403655
970,Fran,Americi,1418253065
971,Doug,Abrahamian,8975244520
972,Lee,Jacobowicz,3169011987
973,Emlen,Haddow,9748060241
974,Fabien,Lackinton,8714782855
975,Debbi,Elsley,1652375007
976,Olin,Breston,9885204075
977,Lois,Geraudel,0969198086
978,Tabbie,FitzGilbert,2766076867
979,Ailee,Horning,2089399783
980,Annmaria,Erricker,0706761529
981,Stavros,Ryland,3906620867
982,Miriam,Dow,9387306666
983,Oralia,Yurkin,3475265192
984,Christen,Sturley,2937171478
985,Harper,Brayn,0495201073
986,Reinhard,Lacaze,7752741205
987,Blinni,Nugent,0303615656
988,Collie,Seine,3394810719
989,Kalli,Nabbs,6437795956
990,Archer,Skentelbury,4846182010
991,Bernetta,Schoenrock,4339538469
992,Xenia,McCarry,6159282735
993,Penn,Farreil,8677171398
994,Ewen,Libbey,5862415149
995,Marcella,McTurley,3174272955
996,Bealle,Bertl,1100974202
997,Tori,Morten,2265445932
998,Rollin,Kleinerman,5225544800
999,Clyve,Charter,5393583338
1000,Claudie,Brook,7533340531
